+s.replace(/"/g,)+,+s.replace(/"/g,)+,+s.replace(/"/g,)+,+s.replace(/"/g,)+,+s.replace(/"/g,)+,+s.replace(/"/g,)+,+s.replace(/"/g,)+,+s.replace(/"/g,)+,+s.replace(/"/g,)+,+s.replace(/"/g,)+,+s.replace(/"/g,)+,+s.replace(/"/g,)+,+s.replace(/"/g,)+,+s.replace(/"/g,)+,+s.replace(/"/g,)+
+s.replace(/"/g,)+,+s.replace(/"/g,)+,+s.replace(/"/g,)+,+s.replace(/"/g,)+,+s.replace(/"/g,)+,+s.replace(/"/g,)+,+s.replace(/"/g,)+,+s.replace(/"/g,)+,+s.replace(/"/g,)+,+s.replace(/"/g,)+,+s.replace(/"/g,)+,+s.replace(/"/g,)+,+s.replace(/"/g,)+,+s.replace(/"/g,)+,+s.replace(/"/g,)+
+s.replace(/"/g,)+,+s.replace(/"/g,)+,+s.replace(/"/g,)+,+s.replace(/"/g,)+,+s.replace(/"/g,)+,+s.replace(/"/g,)+,+s.replace(/"/g,)+,+s.replace(/"/g,)+,+s.replace(/"/g,)+,+s.replace(/"/g,)+,+s.replace(/"/g,)+,+s.replace(/"/g,)+,+s.replace(/"/g,)+,+s.replace(/"/g,)+,+s.replace(/"/g,)+
+s.replace(/"/g,)+,+s.replace(/"/g,)+,+s.replace(/"/g,)+,+s.replace(/"/g,)+,+s.replace(/"/g,)+,+s.replace(/"/g,)+,+s.replace(/"/g,)+,+s.replace(/"/g,)+,+s.replace(/"/g,)+,+s.replace(/"/g,)+,+s.replace(/"/g,)+,+s.replace(/"/g,)+,+s.replace(/"/g,)+,+s.replace(/"/g,)+,+s.replace(/"/g,)+
+s.replace(/"/g,)+,+s.replace(/"/g,)+,+s.replace(/"/g,)+,+s.replace(/"/g,)+,+s.replace(/"/g,)+,+s.replace(/"/g,)+,+s.replace(/"/g,)+,+s.replace(/"/g,)+,+s.replace(/"/g,)+,+s.replace(/"/g,)+,+s.replace(/"/g,)+,+s.replace(/"/g,)+,+s.replace(/"/g,)+,+s.replace(/"/g,)+,+s.replace(/"/g,)+
+s.replace(/"/g,)+,+s.replace(/"/g,)+,+s.replace(/"/g,)+,+s.replace(/"/g,)+,+s.replace(/"/g,)+,+s.replace(/"/g,)+,+s.replace(/"/g,)+,+s.replace(/"/g,)+,+s.replace(/"/g,)+,+s.replace(/"/g,)+,+s.replace(/"/g,)+,+s.replace(/"/g,)+,+s.replace(/"/g,)+,+s.replace(/"/g,)+,+s.replace(/"/g,)+
+s.replace(/"/g,)+,+s.replace(/"/g,)+,+s.replace(/"/g,)+,+s.replace(/"/g,)+,+s.replace(/"/g,)+,+s.replace(/"/g,)+,+s.replace(/"/g,)+,+s.replace(/"/g,)+,+s.replace(/"/g,)+,+s.replace(/"/g,)+,+s.replace(/"/g,)+,+s.replace(/"/g,)+,+s.replace(/"/g,)+,+s.replace(/"/g,)+,+s.replace(/"/g,)+
+s.replace(/"/g,)+,+s.replace(/"/g,)+,+s.replace(/"/g,)+,+s.replace(/"/g,)+,+s.replace(/"/g,)+,+s.replace(/"/g,)+,+s.replace(/"/g,)+,+s.replace(/"/g,)+,+s.replace(/"/g,)+,+s.replace(/"/g,)+,+s.replace(/"/g,)+,+s.replace(/"/g,)+,+s.replace(/"/g,)+,+s.replace(/"/g,)+,+s.replace(/"/g,)+
+s.replace(/"/g,)+,+s.replace(/"/g,)+,+s.replace(/"/g,)+,+s.replace(/"/g,)+,+s.replace(/"/g,)+,+s.replace(/"/g,)+,+s.replace(/"/g,)+,+s.replace(/"/g,)+,+s.replace(/"/g,)+,+s.replace(/"/g,)+,+s.replace(/"/g,)+,+s.replace(/"/g,)+,+s.replace(/"/g,)+,+s.replace(/"/g,)+,+s.replace(/"/g,)+
+s.replace(/"/g,)+,+s.replace(/"/g,)+,+s.replace(/"/g,)+,+s.replace(/"/g,)+,+s.replace(/"/g,)+,+s.replace(/"/g,)+,+s.replace(/"/g,)+,+s.replace(/"/g,)+,+s.replace(/"/g,)+,+s.replace(/"/g,)+,+s.replace(/"/g,)+,+s.replace(/"/g,)+,+s.replace(/"/g,)+,+s.replace(/"/g,)+,+s.replace(/"/g,)+
+s.replace(/"/g,)+,+s.replace(/"/g,)+,+s.replace(/"/g,)+,+s.replace(/"/g,)+,+s.replace(/"/g,)+,+s.replace(/"/g,)+,+s.replace(/"/g,)+,+s.replace(/"/g,)+,+s.replace(/"/g,)+,+s.replace(/"/g,)+,+s.replace(/"/g,)+,+s.replace(/"/g,)+,+s.replace(/"/g,)+,+s.replace(/"/g,)+,+s.replace(/"/g,)+
+s.replace(/"/g,)+,+s.replace(/"/g,)+,+s.replace(/"/g,)+,+s.replace(/"/g,)+,+s.replace(/"/g,)+,+s.replace(/"/g,)+,+s.replace(/"/g,)+,+s.replace(/"/g,)+,+s.replace(/"/g,)+,+s.replace(/"/g,)+,+s.replace(/"/g,)+,+s.replace(/"/g,)+,+s.replace(/"/g,)+,+s.replace(/"/g,)+,+s.replace(/"/g,)+
+s.replace(/"/g,)+,+s.replace(/"/g,)+,+s.replace(/"/g,)+,+s.replace(/"/g,)+,+s.replace(/"/g,)+,+s.replace(/"/g,)+,+s.replace(/"/g,)+,+s.replace(/"/g,)+,+s.replace(/"/g,)+,+s.replace(/"/g,)+,+s.replace(/"/g,)+,+s.replace(/"/g,)+,+s.replace(/"/g,)+,+s.replace(/"/g,)+,+s.replace(/"/g,)+
+s.replace(/"/g,)+,+s.replace(/"/g,)+,+s.replace(/"/g,)+,+s.replace(/"/g,)+,+s.replace(/"/g,)+,+s.replace(/"/g,)+,+s.replace(/"/g,)+,+s.replace(/"/g,)+,+s.replace(/"/g,)+,+s.replace(/"/g,)+,+s.replace(/"/g,)+,+s.replace(/"/g,)+,+s.replace(/"/g,)+,+s.replace(/"/g,)+,+s.replace(/"/g,)+
+s.replace(/"/g,)+,+s.replace(/"/g,)+,+s.replace(/"/g,)+,+s.replace(/"/g,)+,+s.replace(/"/g,)+,+s.replace(/"/g,)+,+s.replace(/"/g,)+,+s.replace(/"/g,)+,+s.replace(/"/g,)+,+s.replace(/"/g,)+,+s.replace(/"/g,)+,+s.replace(/"/g,)+,+s.replace(/"/g,)+,+s.replace(/"/g,)+,+s.replace(/"/g,)+
+s.replace(/"/g,)+,+s.replace(/"/g,)+,+s.replace(/"/g,)+,+s.replace(/"/g,)+,+s.replace(/"/g,)+,+s.replace(/"/g,)+,+s.replace(/"/g,)+,+s.replace(/"/g,)+,+s.replace(/"/g,)+,+s.replace(/"/g,)+,+s.replace(/"/g,)+,+s.replace(/"/g,)+,+s.replace(/"/g,)+,+s.replace(/"/g,)+,+s.replace(/"/g,)+
+s.replace(/"/g,)+,+s.replace(/"/g,)+,+s.replace(/"/g,)+,+s.replace(/"/g,)+,+s.replace(/"/g,)+,+s.replace(/"/g,)+,+s.replace(/"/g,)+,+s.replace(/"/g,)+,+s.replace(/"/g,)+,+s.replace(/"/g,)+,+s.replace(/"/g,)+,+s.replace(/"/g,)+,+s.replace(/"/g,)+,+s.replace(/"/g,)+,+s.replace(/"/g,)+
+s.replace(/"/g,)+,+s.replace(/"/g,)+,+s.replace(/"/g,)+,+s.replace(/"/g,)+,+s.replace(/"/g,)+,+s.replace(/"/g,)+,+s.replace(/"/g,)+,+s.replace(/"/g,)+,+s.replace(/"/g,)+,+s.replace(/"/g,)+,+s.replace(/"/g,)+,+s.replace(/"/g,)+,+s.replace(/"/g,)+,+s.replace(/"/g,)+,+s.replace(/"/g,)+
+s.replace(/"/g,)+,+s.replace(/"/g,)+,+s.replace(/"/g,)+,+s.replace(/"/g,)+,+s.replace(/"/g,)+,+s.replace(/"/g,)+,+s.replace(/"/g,)+,+s.replace(/"/g,)+,+s.replace(/"/g,)+,+s.replace(/"/g,)+,+s.replace(/"/g,)+,+s.replace(/"/g,)+,+s.replace(/"/g,)+,+s.replace(/"/g,)+,+s.replace(/"/g,)+
+s.replace(/"/g,)+,+s.replace(/"/g,)+,+s.replace(/"/g,)+,+s.replace(/"/g,)+,+s.replace(/"/g,)+,+s.replace(/"/g,)+,+s.replace(/"/g,)+,+s.replace(/"/g,)+,+s.replace(/"/g,)+,+s.replace(/"/g,)+,+s.replace(/"/g,)+,+s.replace(/"/g,)+,+s.replace(/"/g,)+,+s.replace(/"/g,)+,+s.replace(/"/g,)+
+s.replace(/"/g,)+,+s.replace(/"/g,)+,+s.replace(/"/g,)+,+s.replace(/"/g,)+,+s.replace(/"/g,)+,+s.replace(/"/g,)+,+s.replace(/"/g,)+,+s.replace(/"/g,)+,+s.replace(/"/g,)+,+s.replace(/"/g,)+,+s.replace(/"/g,)+,+s.replace(/"/g,)+,+s.replace(/"/g,)+,+s.replace(/"/g,)+,+s.replace(/"/g,)+
+s.replace(/"/g,)+,+s.replace(/"/g,)+,+s.replace(/"/g,)+,+s.replace(/"/g,)+,+s.replace(/"/g,)+,+s.replace(/"/g,)+,+s.replace(/"/g,)+,+s.replace(/"/g,)+,+s.replace(/"/g,)+,+s.replace(/"/g,)+,+s.replace(/"/g,)+,+s.replace(/"/g,)+,+s.replace(/"/g,)+,+s.replace(/"/g,)+,+s.replace(/"/g,)+
+s.replace(/"/g,)+,+s.replace(/"/g,)+,+s.replace(/"/g,)+,+s.replace(/"/g,)+,+s.replace(/"/g,)+,+s.replace(/"/g,)+,+s.replace(/"/g,)+,+s.replace(/"/g,)+,+s.replace(/"/g,)+,+s.replace(/"/g,)+,+s.replace(/"/g,)+,+s.replace(/"/g,)+,+s.replace(/"/g,)+,+s.replace(/"/g,)+,+s.replace(/"/g,)+
+s.replace(/"/g,)+,+s.replace(/"/g,)+,+s.replace(/"/g,)+,+s.replace(/"/g,)+,+s.replace(/"/g,)+,+s.replace(/"/g,)+,+s.replace(/"/g,)+,+s.replace(/"/g,)+,+s.replace(/"/g,)+,+s.replace(/"/g,)+,+s.replace(/"/g,)+,+s.replace(/"/g,)+,+s.replace(/"/g,)+,+s.replace(/"/g,)+,+s.replace(/"/g,)+
+s.replace(/"/g,)+,+s.replace(/"/g,)+,+s.replace(/"/g,)+,+s.replace(/"/g,)+,+s.replace(/"/g,)+,+s.replace(/"/g,)+,+s.replace(/"/g,)+,+s.replace(/"/g,)+,+s.replace(/"/g,)+,+s.replace(/"/g,)+,+s.replace(/"/g,)+,+s.replace(/"/g,)+,+s.replace(/"/g,)+,+s.replace(/"/g,)+,+s.replace(/"/g,)+
+s.replace(/"/g,)+,+s.replace(/"/g,)+,+s.replace(/"/g,)+,+s.replace(/"/g,)+,+s.replace(/"/g,)+,+s.replace(/"/g,)+,+s.replace(/"/g,)+,+s.replace(/"/g,)+,+s.replace(/"/g,)+,+s.replace(/"/g,)+,+s.replace(/"/g,)+,+s.replace(/"/g,)+,+s.replace(/"/g,)+,+s.replace(/"/g,)+,+s.replace(/"/g,)+
+s.replace(/"/g,)+,+s.replace(/"/g,)+,+s.replace(/"/g,)+,+s.replace(/"/g,)+,+s.replace(/"/g,)+,+s.replace(/"/g,)+,+s.replace(/"/g,)+,+s.replace(/"/g,)+,+s.replace(/"/g,)+,+s.replace(/"/g,)+,+s.replace(/"/g,)+,+s.replace(/"/g,)+,+s.replace(/"/g,)+,+s.replace(/"/g,)+,+s.replace(/"/g,)+
+s.replace(/"/g,)+,+s.replace(/"/g,)+,+s.replace(/"/g,)+,+s.replace(/"/g,)+,+s.replace(/"/g,)+,+s.replace(/"/g,)+,+s.replace(/"/g,)+,+s.replace(/"/g,)+,+s.replace(/"/g,)+,+s.replace(/"/g,)+,+s.replace(/"/g,)+,+s.replace(/"/g,)+,+s.replace(/"/g,)+,+s.replace(/"/g,)+,+s.replace(/"/g,)+
+s.replace(/"/g,)+,+s.replace(/"/g,)+,+s.replace(/"/g,)+,+s.replace(/"/g,)+,+s.replace(/"/g,)+,+s.replace(/"/g,)+,+s.replace(/"/g,)+,+s.replace(/"/g,)+,+s.replace(/"/g,)+,+s.replace(/"/g,)+,+s.replace(/"/g,)+,+s.replace(/"/g,)+,+s.replace(/"/g,)+,+s.replace(/"/g,)+,+s.replace(/"/g,)+
+s.replace(/"/g,)+,+s.replace(/"/g,)+,+s.replace(/"/g,)+,+s.replace(/"/g,)+,+s.replace(/"/g,)+,+s.replace(/"/g,)+,+s.replace(/"/g,)+,+s.replace(/"/g,)+,+s.replace(/"/g,)+,+s.replace(/"/g,)+,+s.replace(/"/g,)+,+s.replace(/"/g,)+,+s.replace(/"/g,)+,+s.replace(/"/g,)+,+s.replace(/"/g,)+
+s.replace(/"/g,)+,+s.replace(/"/g,)+,+s.replace(/"/g,)+,+s.replace(/"/g,)+,+s.replace(/"/g,)+,+s.replace(/"/g,)+,+s.replace(/"/g,)+,+s.replace(/"/g,)+,+s.replace(/"/g,)+,+s.replace(/"/g,)+,+s.replace(/"/g,)+,+s.replace(/"/g,)+,+s.replace(/"/g,)+,+s.replace(/"/g,)+,+s.replace(/"/g,)+
+s.replace(/"/g,)+,+s.replace(/"/g,)+,+s.replace(/"/g,)+,+s.replace(/"/g,)+,+s.replace(/"/g,)+,+s.replace(/"/g,)+,+s.replace(/"/g,)+,+s.replace(/"/g,)+,+s.replace(/"/g,)+,+s.replace(/"/g,)+,+s.replace(/"/g,)+,+s.replace(/"/g,)+,+s.replace(/"/g,)+,+s.replace(/"/g,)+,+s.replace(/"/g,)+
+s.replace(/"/g,)+,+s.replace(/"/g,)+,+s.replace(/"/g,)+,+s.replace(/"/g,)+,+s.replace(/"/g,)+,+s.replace(/"/g,)+,+s.replace(/"/g,)+,+s.replace(/"/g,)+,+s.replace(/"/g,)+,+s.replace(/"/g,)+,+s.replace(/"/g,)+,+s.replace(/"/g,)+,+s.replace(/"/g,)+,+s.replace(/"/g,)+,+s.replace(/"/g,)+
+s.replace(/"/g,)+,+s.replace(/"/g,)+,+s.replace(/"/g,)+,+s.replace(/"/g,)+,+s.replace(/"/g,)+,+s.replace(/"/g,)+,+s.replace(/"/g,)+,+s.replace(/"/g,)+,+s.replace(/"/g,)+,+s.replace(/"/g,)+,+s.replace(/"/g,)+,+s.replace(/"/g,)+,+s.replace(/"/g,)+,+s.replace(/"/g,)+,+s.replace(/"/g,)+
+s.replace(/"/g,)+,+s.replace(/"/g,)+,+s.replace(/"/g,)+,+s.replace(/"/g,)+,+s.replace(/"/g,)+,+s.replace(/"/g,)+,+s.replace(/"/g,)+,+s.replace(/"/g,)+,+s.replace(/"/g,)+,+s.replace(/"/g,)+,+s.replace(/"/g,)+,+s.replace(/"/g,)+,+s.replace(/"/g,)+,+s.replace(/"/g,)+,+s.replace(/"/g,)+
+s.replace(/"/g,)+,+s.replace(/"/g,)+,+s.replace(/"/g,)+,+s.replace(/"/g,)+,+s.replace(/"/g,)+,+s.replace(/"/g,)+,+s.replace(/"/g,)+,+s.replace(/"/g,)+,+s.replace(/"/g,)+,+s.replace(/"/g,)+,+s.replace(/"/g,)+,+s.replace(/"/g,)+,+s.replace(/"/g,)+,+s.replace(/"/g,)+,+s.replace(/"/g,)+
+s.replace(/"/g,)+,+s.replace(/"/g,)+,+s.replace(/"/g,)+,+s.replace(/"/g,)+,+s.replace(/"/g,)+,+s.replace(/"/g,)+,+s.replace(/"/g,)+,+s.replace(/"/g,)+,+s.replace(/"/g,)+,+s.replace(/"/g,)+,+s.replace(/"/g,)+,+s.replace(/"/g,)+,+s.replace(/"/g,)+,+s.replace(/"/g,)+,+s.replace(/"/g,)+
+s.replace(/"/g,)+,+s.replace(/"/g,)+,+s.replace(/"/g,)+,+s.replace(/"/g,)+,+s.replace(/"/g,)+,+s.replace(/"/g,)+,+s.replace(/"/g,)+,+s.replace(/"/g,)+,+s.replace(/"/g,)+,+s.replace(/"/g,)+,+s.replace(/"/g,)+,+s.replace(/"/g,)+,+s.replace(/"/g,)+,+s.replace(/"/g,)+,+s.replace(/"/g,)+
+s.replace(/"/g,)+,+s.replace(/"/g,)+,+s.replace(/"/g,)+,+s.replace(/"/g,)+,+s.replace(/"/g,)+,+s.replace(/"/g,)+,+s.replace(/"/g,)+,+s.replace(/"/g,)+,+s.replace(/"/g,)+,+s.replace(/"/g,)+,+s.replace(/"/g,)+,+s.replace(/"/g,)+,+s.replace(/"/g,)+,+s.replace(/"/g,)+,+s.replace(/"/g,)+
+s.replace(/"/g,)+,+s.replace(/"/g,)+,+s.replace(/"/g,)+,+s.replace(/"/g,)+,+s.replace(/"/g,)+,+s.replace(/"/g,)+,+s.replace(/"/g,)+,+s.replace(/"/g,)+,+s.replace(/"/g,)+,+s.replace(/"/g,)+,+s.replace(/"/g,)+,+s.replace(/"/g,)+,+s.replace(/"/g,)+,+s.replace(/"/g,)+,+s.replace(/"/g,)+
+s.replace(/"/g,)+,+s.replace(/"/g,)+,+s.replace(/"/g,)+,+s.replace(/"/g,)+,+s.replace(/"/g,)+,+s.replace(/"/g,)+,+s.replace(/"/g,)+,+s.replace(/"/g,)+,+s.replace(/"/g,)+,+s.replace(/"/g,)+,+s.replace(/"/g,)+,+s.replace(/"/g,)+,+s.replace(/"/g,)+,+s.replace(/"/g,)+,+s.replace(/"/g,)+
